{"cameraMode":{"drawMode":0,"name":"Shaded","section":"Shading Mode"},"sceneLighting":true,"audioPlay":false,"sceneViewState":{"showFog":true,"showMaterialUpdate":false,"showSkybox":true,"showFlares":true,"showImageEffects":true,"showParticleSystems":true},"in2DMode":false,"pivot":{"x":-2.2671127319335939,"y":-1.849022626876831,"z":-8.06467342376709},"rotation":{"x":-0.21491916477680207,"y":0.7847400307655335,"z":-0.423938512802124,"w":-0.3978307247161865},"size":35.87955856323242,"orthographic":false}